comment,from,time,status,url
Nhận ngay 01 sản phẩm cùng loại khi mua 08 sản phẩm Sữa chua uống tiệt trùng TH true YOGURT 180 ml từ nay đến hết 15/05/2024.,Nguyễn Ngọc Hường,Cách đây 3 tuần - được tính từ Thu Apr 11 2024 20:16:11 GMT+0700 (Indochina Time),Neutral,https://www.facebook.com/thmilk/posts/pfbid02ZtUCG2quqjQ8VQrLvJzKdpptixSSpH3o45aQ1vmNLXHkrjauBQyW6QUEfFDv9Jscl
Có sữa này dành cho bà bầu tiểu đường thai kỳ k ạ,TH true MILK,Cách đây 3 tuần - được tính từ Thu Apr 11 2024 20:16:11 GMT+0700 (Indochina Time),Neutral,https://www.facebook.com/thmilk/posts/pfbid02ZtUCG2quqjQ8VQrLvJzKdpptixSSpH3o45aQ1vmNLXHkrjauBQyW6QUEfFDv9Jscl
3 tuần,Loan Anh,Cách đây 3 tuần - được tính từ Thu Apr 11 2024 20:16:11 GMT+0700 (Indochina Time),Neutral,https://www.facebook.com/thmilk/posts/pfbid02ZtUCG2quqjQ8VQrLvJzKdpptixSSpH3o45aQ1vmNLXHkrjauBQyW6QUEfFDv9Jscl
Chào bạn, hiện tại các sản phẩm sữa của TH dành cho tất cả các thành viên trong gia đình, các bé từ 01 tuổi trở lên. Nếu quý khách hàng có lưu ý đặc biệt về chế độ dinh dưỡng và chăm sóc sức khoẻ, quý khách hàng vui lòng tham vấn bác sĩ / cán bộ y tế để được tư vấn và hướng dẫn cụ thể trước khi sử dụng.,Phước Tường,Cách đây 4 tuần - được tính từ Thu Apr 11 2024 20:16:11 GMT+0700 (Indochina Time),Positive,https://www.facebook.com/thmilk/posts/pfbid02ZtUCG2quqjQ8VQrLvJzKdpptixSSpH3o45aQ1vmNLXHkrjauBQyW6QUEfFDv9Jscl
3 tuần,TH true MILK,Cách đây 4 tuần - được tính từ Thu Apr 11 2024 20:16:11 GMT+0700 (Indochina Time),Neutral,https://www.facebook.com/thmilk/posts/pfbid02ZtUCG2quqjQ8VQrLvJzKdpptixSSpH3o45aQ1vmNLXHkrjauBQyW6QUEfFDv9Jscl
Nguyễn Ngọc Hường
uống sữa th ko đường. Mình cũng đang uống,Tuyết Minh,Cách đây 4 tuần - được tính từ Thu Apr 11 2024 20:16:11 GMT+0700 (Indochina Time),Neutral,https://www.facebook.com/thmilk/posts/pfbid02ZtUCG2quqjQ8VQrLvJzKdpptixSSpH3o45aQ1vmNLXHkrjauBQyW6QUEfFDv9Jscl
3 tuần,TH true MILK,Cách đây 4 tuần - được tính từ Thu Apr 11 2024 20:16:11 GMT+0700 (Indochina Time),Neutral,https://www.facebook.com/thmilk/posts/pfbid02ZtUCG2quqjQ8VQrLvJzKdpptixSSpH3o45aQ1vmNLXHkrjauBQyW6QUEfFDv9Jscl
Ib,Lien Ngo,Cách đây 1 tuần - được tính từ Thu Apr 11 2024 20:16:11 GMT+0700 (Indochina Time),Neutral,https://www.facebook.com/thmilk/posts/pfbid02ZtUCG2quqjQ8VQrLvJzKdpptixSSpH3o45aQ1vmNLXHkrjauBQyW6QUEfFDv9Jscl
4 tuần,Thanh Béoo,Cách đây 4 tuần - được tính từ Thu Apr 11 2024 20:16:11 GMT+0700 (Indochina Time),Neutral,https://www.facebook.com/thmilk/posts/pfbid02ZtUCG2quqjQ8VQrLvJzKdpptixSSpH3o45aQ1vmNLXHkrjauBQyW6QUEfFDv9Jscl
Chào bạn, bạn muốn mua sản phẩm nào ạ? Bạn vui lòng inbox fanpage để được hỗ trợ đặt hàng nhé.,Nguyên Phương,Cách đây 3 tuần - được tính từ Thu Apr 11 2024 20:16:11 GMT+0700 (Indochina Time),Positive,https://www.facebook.com/thmilk/posts/pfbid02ZtUCG2quqjQ8VQrLvJzKdpptixSSpH3o45aQ1vmNLXHkrjauBQyW6QUEfFDv9Jscl
4 tuần,Phan Nhu,Cách đây 3 tuần - được tính từ Thu Apr 11 2024 20:16:11 GMT+0700 (Indochina Time),Neutral,https://www.facebook.com/thmilk/posts/pfbid02ZtUCG2quqjQ8VQrLvJzKdpptixSSpH3o45aQ1vmNLXHkrjauBQyW6QUEfFDv9Jscl
Ib giá,Thuý Phạm,Cách đây 5 tuần - được tính từ Thu Apr 11 2024 20:16:11 GMT+0700 (Indochina Time),Neutral,https://www.facebook.com/thmilk/posts/pfbid02ZtUCG2quqjQ8VQrLvJzKdpptixSSpH3o45aQ1vmNLXHkrjauBQyW6QUEfFDv9Jscl
4 tuần,Bya Ery,Cách đây 5 tuần - được tính từ Thu Apr 11 2024 20:16:11 GMT+0700 (Indochina Time),Neutral,https://www.facebook.com/thmilk/posts/pfbid02ZtUCG2quqjQ8VQrLvJzKdpptixSSpH3o45aQ1vmNLXHkrjauBQyW6QUEfFDv9Jscl
Chào bạn, bạn cần hỗ trợ thông tin gì vậy ạ?,Mừng Trần,Cách đây 4 tuần - được tính từ Thu Apr 11 2024 20:16:11 GMT+0700 (Indochina Time),Neutral,https://www.facebook.com/thmilk/posts/pfbid02ZtUCG2quqjQ8VQrLvJzKdpptixSSpH3o45aQ1vmNLXHkrjauBQyW6QUEfFDv9Jscl
4 tuần,TH true MILK,Cách đây 4 tuần - được tính từ Thu Apr 11 2024 20:16:11 GMT+0700 (Indochina Time),Neutral,https://www.facebook.com/thmilk/posts/pfbid02ZtUCG2quqjQ8VQrLvJzKdpptixSSpH3o45aQ1vmNLXHkrjauBQyW6QUEfFDv9Jscl
Bảo nhìu một chay,Nguyễn Nga,Cách đây 3 tuần - được tính từ Thu Apr 11 2024 20:16:11 GMT+0700 (Indochina Time),Neutral,https://www.facebook.com/thmilk/posts/pfbid02ZtUCG2quqjQ8VQrLvJzKdpptixSSpH3o45aQ1vmNLXHkrjauBQyW6QUEfFDv9Jscl
1 tuần,TH true MILK,Cách đây 3 tuần - được tính từ Thu Apr 11 2024 20:16:11 GMT+0700 (Indochina Time),Neutral,https://www.facebook.com/thmilk/posts/pfbid02ZtUCG2quqjQ8VQrLvJzKdpptixSSpH3o45aQ1vmNLXHkrjauBQyW6QUEfFDv9Jscl
Th ít đường 180 bnhiu 1t vậy ạ,Diệp Lục,Cách đây 4 tuần - được tính từ Thu Apr 11 2024 20:16:11 GMT+0700 (Indochina Time),Neutral,https://www.facebook.com/thmilk/posts/pfbid02ZtUCG2quqjQ8VQrLvJzKdpptixSSpH3o45aQ1vmNLXHkrjauBQyW6QUEfFDv9Jscl
4 tuần,TH true MILK,Cách đây 3 tuần - được tính từ Thu Apr 11 2024 20:16:11 GMT+0700 (Indochina Time),Neutral,https://www.facebook.com/thmilk/posts/pfbid02ZtUCG2quqjQ8VQrLvJzKdpptixSSpH3o45aQ1vmNLXHkrjauBQyW6QUEfFDv9Jscl
Ib,Hoa Lê,Cách đây 5 tuần - được tính từ Thu Apr 11 2024 20:16:11 GMT+0700 (Indochina Time),Neutral,https://www.facebook.com/thmilk/posts/pfbid02ZtUCG2quqjQ8VQrLvJzKdpptixSSpH3o45aQ1vmNLXHkrjauBQyW6QUEfFDv9Jscl
3 tuần,TH true MILK,Cách đây 5 tuần - được tính từ Thu Apr 11 2024 20:16:11 GMT+0700 (Indochina Time),Neutral,https://www.facebook.com/thmilk/posts/pfbid02ZtUCG2quqjQ8VQrLvJzKdpptixSSpH3o45aQ1vmNLXHkrjauBQyW6QUEfFDv9Jscl
Ib,Lê Vân,Cách đây 5 tuần - được tính từ Thu Apr 11 2024 20:16:11 GMT+0700 (Indochina Time),Neutral,https://www.facebook.com/thmilk/posts/pfbid02ZtUCG2quqjQ8VQrLvJzKdpptixSSpH3o45aQ1vmNLXHkrjauBQyW6QUEfFDv9Jscl
3 tuần,TH true MILK,Cách đây 5 tuần - được tính từ Thu Apr 11 2024 20:16:11 GMT+0700 (Indochina Time),Neutral,https://www.facebook.com/thmilk/posts/pfbid02ZtUCG2quqjQ8VQrLvJzKdpptixSSpH3o45aQ1vmNLXHkrjauBQyW6QUEfFDv9Jscl
Không xác định,Nhanh Tran,Cách đây 3 tuần - được tính từ Thu Apr 11 2024 20:16:11 GMT+0700 (Indochina Time),Neutral,https://www.facebook.com/thmilk/posts/pfbid02ZtUCG2quqjQ8VQrLvJzKdpptixSSpH3o45aQ1vmNLXHkrjauBQyW6QUEfFDv9Jscl
5 tuần,TH true MILK,Cách đây 3 tuần - được tính từ Thu Apr 11 2024 20:16:11 GMT+0700 (Indochina Time),Neutral,https://www.facebook.com/thmilk/posts/pfbid02ZtUCG2quqjQ8VQrLvJzKdpptixSSpH3o45aQ1vmNLXHkrjauBQyW6QUEfFDv9Jscl
Ib,Dinh Gang,Cách đây 2 tuần - được tính từ Thu Apr 11 2024 20:16:11 GMT+0700 (Indochina Time),Neutral,https://www.facebook.com/thmilk/posts/pfbid02ZtUCG2quqjQ8VQrLvJzKdpptixSSpH3o45aQ1vmNLXHkrjauBQyW6QUEfFDv9Jscl
5 tuần,TH true MILK,Cách đây 1 tuần - được tính từ Thu Apr 11 2024 20:16:11 GMT+0700 (Indochina Time),Neutral,https://www.facebook.com/thmilk/posts/pfbid02ZtUCG2quqjQ8VQrLvJzKdpptixSSpH3o45aQ1vmNLXHkrjauBQyW6QUEfFDv9Jscl
Có cửa hàng TH ở đà lạt k ạ,Nguyễn Kiều,Cách đây 4 tuần - được tính từ Thu Apr 11 2024 20:16:11 GMT+0700 (Indochina Time),Neutral,https://www.facebook.com/thmilk/posts/pfbid02ZtUCG2quqjQ8VQrLvJzKdpptixSSpH3o45aQ1vmNLXHkrjauBQyW6QUEfFDv9Jscl
4 tuần,Dư Trần,Cách đây 4 tuần - được tính từ Thu Apr 11 2024 20:16:11 GMT+0700 (Indochina Time),Neutral,https://www.facebook.com/thmilk/posts/pfbid02ZtUCG2quqjQ8VQrLvJzKdpptixSSpH3o45aQ1vmNLXHkrjauBQyW6QUEfFDv9Jscl
Một số cửa hàng TH true mart hiện nay ở Đà Lạt là:
- TH true mart Phan Đình Phùng Lâm Đồng
108 Phan Đình Phùng, P2, Đà Lạt, Lâm Đồng…
Xem thêm,Không xác định,Cách đây Không xác định - được tính từ Thu Apr 11 2024 20:16:11 GMT+0700 (Indochina Time),Neutral,https://www.facebook.com/thmilk/posts/pfbid02ZtUCG2quqjQ8VQrLvJzKdpptixSSpH3o45aQ1vmNLXHkrjauBQyW6QUEfFDv9Jscl
4 tuần,Không xác định,Cách đây Không xác định - được tính từ Thu Apr 11 2024 20:16:11 GMT+0700 (Indochina Time),Neutral,https://www.facebook.com/thmilk/posts/pfbid02ZtUCG2quqjQ8VQrLvJzKdpptixSSpH3o45aQ1vmNLXHkrjauBQyW6QUEfFDv9Jscl
Bn 1 thùng,Không xác định,Cách đây Không xác định - được tính từ Thu Apr 11 2024 20:16:11 GMT+0700 (Indochina Time),Neutral,https://www.facebook.com/thmilk/posts/pfbid02ZtUCG2quqjQ8VQrLvJzKdpptixSSpH3o45aQ1vmNLXHkrjauBQyW6QUEfFDv9Jscl
3 tuần,Không xác định,Cách đây Không xác định - được tính từ Thu Apr 11 2024 20:16:11 GMT+0700 (Indochina Time),Neutral,https://www.facebook.com/thmilk/posts/pfbid02ZtUCG2quqjQ8VQrLvJzKdpptixSSpH3o45aQ1vmNLXHkrjauBQyW6QUEfFDv9Jscl
Chào bạn, bạn muốn mua sản phẩm nào ạ? Bạn vui lòng inbox fanpage để được hỗ trợ đặt hàng nhé.,Không xác định,Cách đây Không xác định - được tính từ Thu Apr 11 2024 20:16:11 GMT+0700 (Indochina Time),Positive,https://www.facebook.com/thmilk/posts/pfbid02ZtUCG2quqjQ8VQrLvJzKdpptixSSpH3o45aQ1vmNLXHkrjauBQyW6QUEfFDv9Jscl
3 tuần,Không xác định,Cách đây Không xác định - được tính từ Thu Apr 11 2024 20:16:11 GMT+0700 (Indochina Time),Neutral,https://www.facebook.com/thmilk/posts/pfbid02ZtUCG2quqjQ8VQrLvJzKdpptixSSpH3o45aQ1vmNLXHkrjauBQyW6QUEfFDv9Jscl
Có ở đaklak k ạ,Không xác định,Cách đây Không xác định - được tính từ Thu Apr 11 2024 20:16:11 GMT+0700 (Indochina Time),Neutral,https://www.facebook.com/thmilk/posts/pfbid02ZtUCG2quqjQ8VQrLvJzKdpptixSSpH3o45aQ1vmNLXHkrjauBQyW6QUEfFDv9Jscl
4 tuần,Không xác định,Cách đây Không xác định - được tính từ Thu Apr 11 2024 20:16:11 GMT+0700 (Indochina Time),Neutral,https://www.facebook.com/thmilk/posts/pfbid02ZtUCG2quqjQ8VQrLvJzKdpptixSSpH3o45aQ1vmNLXHkrjauBQyW6QUEfFDv9Jscl
Chào bạn, bạn có thể đặt mua online qua website https://www.thtruemart.vn/, ứng dụng THeLIFE hoặc các ứng dụng giao hàng thực phẩm để được giao hàng tận nơi nhé:
► ShopeeFood: http://bit.ly/THtruemart-ShopeeFood
► Grabmart: http://bit.ly/THtruemart-Gra…
Xem thêm,Không xác định,Cách đây Không xác định - được tính từ Thu Apr 11 2024 20:16:11 GMT+0700 (Indochina Time),Neutral,https://www.facebook.com/thmilk/posts/pfbid02ZtUCG2quqjQ8VQrLvJzKdpptixSSpH3o45aQ1vmNLXHkrjauBQyW6QUEfFDv9Jscl
3 tuần,Không xác định,Cách đây Không xác định - được tính từ Thu Apr 11 2024 20:16:11 GMT+0700 (Indochina Time),Neutral,https://www.facebook.com/thmilk/posts/pfbid02ZtUCG2quqjQ8VQrLvJzKdpptixSSpH3o45aQ1vmNLXHkrjauBQyW6QUEfFDv9Jscl
Phạm Hương,Không xác định,Cách đây Không xác định - được tính từ Thu Apr 11 2024 20:16:11 GMT+0700 (Indochina Time),Neutral,https://www.facebook.com/thmilk/posts/pfbid02ZtUCG2quqjQ8VQrLvJzKdpptixSSpH3o45aQ1vmNLXHkrjauBQyW6QUEfFDv9Jscl
5 tuần,Không xác định,Cách đây Không xác định - được tính từ Thu Apr 11 2024 20:16:11 GMT+0700 (Indochina Time),Neutral,https://www.facebook.com/thmilk/posts/pfbid02ZtUCG2quqjQ8VQrLvJzKdpptixSSpH3o45aQ1vmNLXHkrjauBQyW6QUEfFDv9Jscl
Cảm ơn bạn đã quan tâm và ủng hộ TH nhé.,Không xác định,Cách đây Không xác định - được tính từ Thu Apr 11 2024 20:16:11 GMT+0700 (Indochina Time),Neutral,https://www.facebook.com/thmilk/posts/pfbid02ZtUCG2quqjQ8VQrLvJzKdpptixSSpH3o45aQ1vmNLXHkrjauBQyW6QUEfFDv9Jscl
5 tuần,Không xác định,Cách đây Không xác định - được tính từ Thu Apr 11 2024 20:16:11 GMT+0700 (Indochina Time),Neutral,https://www.facebook.com/thmilk/posts/pfbid02ZtUCG2quqjQ8VQrLvJzKdpptixSSpH3o45aQ1vmNLXHkrjauBQyW6QUEfFDv9Jscl
Ib,Không xác định,Cách đây Không xác định - được tính từ Thu Apr 11 2024 20:16:11 GMT+0700 (Indochina Time),Neutral,https://www.facebook.com/thmilk/posts/pfbid02ZtUCG2quqjQ8VQrLvJzKdpptixSSpH3o45aQ1vmNLXHkrjauBQyW6QUEfFDv9Jscl
5 tuần,Không xác định,Cách đây Không xác định - được tính từ Thu Apr 11 2024 20:16:11 GMT+0700 (Indochina Time),Neutral,https://www.facebook.com/thmilk/posts/pfbid02ZtUCG2quqjQ8VQrLvJzKdpptixSSpH3o45aQ1vmNLXHkrjauBQyW6QUEfFDv9Jscl
Chào bạn, bạn cần hỗ trợ thông tin gì vậy ạ?,Không xác định,Cách đây Không xác định - được tính từ Thu Apr 11 2024 20:16:11 GMT+0700 (Indochina Time),Neutral,https://www.facebook.com/thmilk/posts/pfbid02ZtUCG2quqjQ8VQrLvJzKdpptixSSpH3o45aQ1vmNLXHkrjauBQyW6QUEfFDv9Jscl
5 tuần,Không xác định,Cách đây Không xác định - được tính từ Thu Apr 11 2024 20:16:11 GMT+0700 (Indochina Time),Neutral,https://www.facebook.com/thmilk/posts/pfbid02ZtUCG2quqjQ8VQrLvJzKdpptixSSpH3o45aQ1vmNLXHkrjauBQyW6QUEfFDv9Jscl
Ib,Không xác định,Cách đây Không xác định - được tính từ Thu Apr 11 2024 20:16:11 GMT+0700 (Indochina Time),Neutral,https://www.facebook.com/thmilk/posts/pfbid02ZtUCG2quqjQ8VQrLvJzKdpptixSSpH3o45aQ1vmNLXHkrjauBQyW6QUEfFDv9Jscl
3 tuần,Không xác định,Cách đây Không xác định - được tính từ Thu Apr 11 2024 20:16:11 GMT+0700 (Indochina Time),Neutral,https://www.facebook.com/thmilk/posts/pfbid02ZtUCG2quqjQ8VQrLvJzKdpptixSSpH3o45aQ1vmNLXHkrjauBQyW6QUEfFDv9Jscl
Chào bạn, bạn muốn mua sản phẩm nào ạ? Bạn vui lòng inbox fanpage để được hỗ trợ đặt hàng nhé.,Không xác định,Cách đây Không xác định - được tính từ Thu Apr 11 2024 20:16:11 GMT+0700 (Indochina Time),Positive,https://www.facebook.com/thmilk/posts/pfbid02ZtUCG2quqjQ8VQrLvJzKdpptixSSpH3o45aQ1vmNLXHkrjauBQyW6QUEfFDv9Jscl
3 tuần,Không xác định,Cách đây Không xác định - được tính từ Thu Apr 11 2024 20:16:11 GMT+0700 (Indochina Time),Neutral,https://www.facebook.com/thmilk/posts/pfbid02ZtUCG2quqjQ8VQrLvJzKdpptixSSpH3o45aQ1vmNLXHkrjauBQyW6QUEfFDv9Jscl
Ib,Không xác định,Cách đây Không xác định - được tính từ Thu Apr 11 2024 20:16:11 GMT+0700 (Indochina Time),Neutral,https://www.facebook.com/thmilk/posts/pfbid02ZtUCG2quqjQ8VQrLvJzKdpptixSSpH3o45aQ1vmNLXHkrjauBQyW6QUEfFDv9Jscl
2 tuần,Không xác định,Cách đây Không xác định - được tính từ Thu Apr 11 2024 20:16:11 GMT+0700 (Indochina Time),Neutral,https://www.facebook.com/thmilk/posts/pfbid02ZtUCG2quqjQ8VQrLvJzKdpptixSSpH3o45aQ1vmNLXHkrjauBQyW6QUEfFDv9Jscl
Chào bạn, bạn muốn mua sản phẩm nào ạ? Bạn vui lòng inbox fanpage để được hỗ trợ đặt hàng nhé.,Không xác định,Cách đây Không xác định - được tính từ Thu Apr 11 2024 20:16:11 GMT+0700 (Indochina Time),Positive,https://www.facebook.com/thmilk/posts/pfbid02ZtUCG2quqjQ8VQrLvJzKdpptixSSpH3o45aQ1vmNLXHkrjauBQyW6QUEfFDv9Jscl
1 tuần,Không xác định,Cách đây Không xác định - được tính từ Thu Apr 11 2024 20:16:11 GMT+0700 (Indochina Time),Neutral,https://www.facebook.com/thmilk/posts/pfbid02ZtUCG2quqjQ8VQrLvJzKdpptixSSpH3o45aQ1vmNLXHkrjauBQyW6QUEfFDv9Jscl
Không xác định,Không xác định,Cách đây Không xác định - được tính từ Thu Apr 11 2024 20:16:11 GMT+0700 (Indochina Time),Neutral,https://www.facebook.com/thmilk/posts/pfbid02ZtUCG2quqjQ8VQrLvJzKdpptixSSpH3o45aQ1vmNLXHkrjauBQyW6QUEfFDv9Jscl
4 tuần,Không xác định,Cách đây Không xác định - được tính từ Thu Apr 11 2024 20:16:11 GMT+0700 (Indochina Time),Neutral,https://www.facebook.com/thmilk/posts/pfbid02ZtUCG2quqjQ8VQrLvJzKdpptixSSpH3o45aQ1vmNLXHkrjauBQyW6QUEfFDv9Jscl
2GB,Không xác định,Cách đây Không xác định - được tính từ Thu Apr 11 2024 20:16:11 GMT+0700 (Indochina Time),Neutral,https://www.facebook.com/thmilk/posts/pfbid02ZtUCG2quqjQ8VQrLvJzKdpptixSSpH3o45aQ1vmNLXHkrjauBQyW6QUEfFDv9Jscl
4 tuần,Không xác định,Cách đây Không xác định - được tính từ Thu Apr 11 2024 20:16:11 GMT+0700 (Indochina Time),Neutral,https://www.facebook.com/thmilk/posts/pfbid02ZtUCG2quqjQ8VQrLvJzKdpptixSSpH3o45aQ1vmNLXHkrjauBQyW6QUEfFDv9Jscl
